Título,Desenvolvedor,Publicador,Exclusivo,Europa,Japão,América Do Norte,Brasil
Aaru's Awakening,Lumenox Games,Lumenox Games,Console,2014,Não definido,2014,2014
Aban Hawkins e The 1.001 Spikes,8bits Fanatics,Nicalis,Não,Não definido,Não definido,2014,2014
Abzû,Giant Squid,505 Games,Console,Não definido,Não definido,Não definido,Não definido
Akiba's Trip: Undead e Undressed,Acquire,Acquire,Sony,2015,2014,2015,2014
Alienation,Housemarque,Sony Computer Entertainment,Sim,2015,2015,2015,2015
Alien: Isolation,Creative Assembly,Sega,Não,2014,2014,2014,2014
Alpha Muse,Current Circus,Current Circus,Não,Não definido,Não definido,Não definido,Não definido
Among The Sleep,Krillbite Studio,Krillbite Studio,Não,Não definido,Não definido,Não definido,Não definido
Angry Birds Star Wars,Exient Entertainment,Activision,Não,2013,Não definido,2013,2013
Anoko Wa Ore Kara Hanarenai,Giga,TGL,Não,—,2014,—,—
Anomaly 2,11 Bit Studio,Não definido,Não,Não definido,Não definido,Não definido,Não definido
Another World,The Digital Lounge,The Digital Lounge,Não,2014,Não definido,2014,2014
Apotheon,Alien Trap Games,Alien Trap Games,Console,2014,2014,2014,2014
Assassin's Creed IV: Black Flag,Ubisoft Montreal,Ubisoft,Não,2013,Não definido,2013,2013
Assassin's Creed Odyssey,Ubisoft Montreal,Ubisoft,Não,2018,2018,2018,2018
Assassin's Creed Origins,Ubisoft Montreal,Ubisoft,Não,2017,2017,2017,2017
Assassin's Creed Unity,Ubisoft Toronto,Ubisoft,Não,2014,2014,2014,2014
Assassin's Creed Syndicate,Ubisoft Quebec,Ubisoft,Não,2015,2015,2015,2015
Assault Android Cactus,Witch Beam,Witch Beam,Não,Não definido,Não definido,Não definido,Não definido
Assault Suit Leynos,Dracue Software,Extreme Co.,Não,Não definido,Não definido,Não definido,Não definido
Awesomenauts,Abstraction Games,Ronimo Games,Não,2014,Não definido,2014,2014
Axiom Verge,Thomas Happ Games,Thomas Happ Games,Sony,2015,2015,2015,2015
Aztez,Team Colorblind,Team Colorblind,Não,2014,2014,2014,2014
Backgammon Blitz,VooFoo Studios,VooFoo Studios,Sony,2013,2013,Não definido,Não definido
Baja: Edge of Control HD,2XL Games / BlitWorks,THQ Nordic,Não,2017,2017,2017,2017
Batman: Arkham Knight,Rocksteady Studios,Warner Bros. Interactive Entertainment,Não,2015,2015,2015,2015
Basement Crawl,Bloober Team,Bloober Team,Sim,2014,2014,2014,2014
Battleborn,Gearbox Software,2K Games,Não,Não definido,Não definido,Não definido,Não definido
Battlefield 4,DICE,Electronic Arts,Não,2013,2014,2013,2013
Battlefield: Hardline,Visceral Games,Electronic Arts,Não,2015,2015,2015,2015
Beyond: Flesh and Blood,Pixelbomb,Pixelbomb,Não,Não definido,Não definido,Não definido,Não definido
Bladestorm: The Hundred Years’ War & Nightmare,Koei Tecmo,Koei Tecmo,Não,Não definido,2014,Não definido,Não definido
Blast 'Em Bunnies,Nnooo,Nnooo,Console,2014,2014,2014,2014
Bloodborne,From Software,Sony Computer Entertainment,Sim,2015,2015,2015,2015
Blue Estate,Hesaw,Focus Home Interactive,Não,2014,Não definido,2014,2014
Bombshell,3D Realms / Interceptor Entertainment,3D Realms / Interceptor Entertainment,Console,2015,2015,2015,2015
Bound by Flame,Spiders,Focus Home Interactive,Não,2014,2014,2014,2014
Broforce,Free Lives Games,Devolver Digital,Console,2015,2015,2015,2015
Call of Cthulhu,Frogwares,Focus Home Interactive,Não,Não definido,Não definido,Não definido,Não definido
Call of Duty: Advanced Warfare,Sledgehammer Games,Activision,Não,2014,2014,2014,2014
Call of Duty: Ghosts,Infinity Ward,Activision,Não,2013,2014,2013,2013
Call of Duty: Black Ops III,Treyarch,Activision,Não,2015,2015,2015,2015
Carmageddon: Reincarnation,Stainless Games,Stainless Games,Não,2014,2014,2014,2014
CastleStorm,Zen Studios,Zen Studios,Não,2014,2014,2014,2014
Cel Damage HD,Finish Line Games,Finish Line Games,Não,Não definido,Não definido,2014,2014
Chariot,Frima Studio,Frima Studio,Não,2014,2014,2014,2014
Chasm,"Discord Games, Inc.","Discord Games, Inc.",Console,2014,2014,2014,2014
Child of Light,Ubisoft Montreal,Ubisoft,Não,2014,2014,2014,2014
Chroma Squad,Behold Studios,Behold Studios,Não,Não definido,Não definido,Não definido,Não definido
Churbles,CrashGem,CrashGem,Não,Não definido,Não definido,Não definido,Não definido
Citizens of Earth,Atlus,Eden Industries,Não,2014,2014,2014,2014
Contrast,Compulsion Games,Compulsion Games,Não,2013,2014,2013,2013
Cosmic Star Heroine,Zeboyd Games,Zeboyd Games,Não,Não definido,Não definido,Não definido,Não definido
Costume Quest 2,Double Fine Productions,Double Fine Productions,Não,Não definido,Não definido,2014,2014
CounterSpy,Dynamighty,Dynamighty,Console,2014,2014,2014,2014
Crash Bandicoot N. Sane Trilogy,Vicarious Visions,Activision,Sim,2017,2017,2017,2017
Crazy Climber,Nichibutsu,Hamster Corporation,Não,Não definido,2014,Não definido,Não definido
Crossing The Line,Zomboko Entertainment,Zomboko Entertainment,Não,Não definido,Não definido,Não definido,Não definido
Cyberpunk 2077,CD Projekt RED,Não definido,Não,2015,2015,2015,2015
Daylight,Zombie Studios,Atlus,Console,2014,2014,2014,—
DayZ,Bohemia Interactive,Bohemia Interactive,Console,Não definido,Não definido,Não definido,Não definido
Dead by Daylight,Behaviour Interactive,Starbreeze Studios,Console,2017,2017,2017,2017
Dead Island 2,Yager Development,Deep Silver,Não,Não definido,Não definido,Não definido,Não definido
Dead Nation: Apocalypse Edition,Housemarque,Sony Computer Entertainment,Sony,2014,Não definido,2014,2014
Dead or Alive 5: Last Round,Tecmo Koei,Tecmo Koei,Não,Não definido,Não definido,Não definido,Não definido
Defense Grid 2,Hidden Path Entertainment,505 Games,Não,Não definido,Não definido,Não definido,Não definido
Destiny,Bungie,JP Sony Computer EntertainmentWW Activision,Não,2014,2014,2014,2014
Detroit: Become Human,Quantic Dream,Sony Computer Entertainment,Sim,2017,2017,2017,2017
Diablo III,Blizzard Entertainment,Blizzard Entertainment,Não,2014,2014,2014,2014
Dirt 4,Codemasters,Codemasters,Não,2017,2017,2017,2017
Dirt Rally,Codemasters,Codemasters,Não,2017,2017,2017,2017
Dirt Rally 2.0,Codemasters,Codemasters,Não,2019,2019,2019,2019
Disgaea 5,Nippon Ichi Software,Nippon Ichi Software,Sim,Não definido,2015,Não definido,Não definido
Disney Infinity: Marvel Super Heroes,Avalanche Software,Disney Interactive Studios,Não,2014,2014,2014,2014
Divekick,Iron Galaxy Studios,Iron Galaxy Studios,Não,Não definido,Não definido,2014,2014
Doki-Doki Universe,HumaNature Studios,HumaNature Studios,Sony,2013,2014,2013,2013
Doom,Id Software,Bethesda Softworks,Não,Não definido,Não definido,Não definido,Não definido
Don't Starve,Klei Entertainment,Klei Entertainment,Console,2014,2014,2014,2014
Dragon Age: Inquisition,BioWare,Electronic Arts,Não,2014,2014,2014,2014
Dragon Ball Xenoverse,Dimps,Namco Bandai Games,Não,Não definido,Não definido,Não definido,Não definido
Dragon Fin Soup,Grimm Bros,Grimm Bros,Console,2015,2015,2015,2015
Dragon Quest Heroes,Koei Tecmo,Square Enix,Sony,—,2015,—,—
Dreadnaught,Yager Development,Grey Box,Console,2015,2015,2015,2015
Drifter,Celsius Game Studios,Celsius Game Studios,Console,2014,2014,2014,2014
Driveclub,Evolution Studios,Sony Computer Entertainment,Sim,2014,2014,2014,2014
Dying Light,Techland,Warner Bros. Interactive,Não,2015,2015,2015,2015
Dynasty Warriors 8: Xtreme Legends Complete Edition,Tecmo Koei,Tecmo Koei,Console,2014,2014,2014,2014
Dynasty Warriors 8: Empires,Omega Force,Tecmo Koei,Não,2014,Não definido,Não definido,Não definido
EA Sports UFC,EA Canada,Electronic Arts,Não,2014,2014,2014,2014
Earth Defense Force 4.1: The Shadow of New Despair,Não definido,D3,Não,Não definido,2015,Não definido,Não definido
Earthlock: Festival of Magic,Snowcastle Games,Snowcastle Games,Não,2015,2015,2015,2015
Energy Hook,Happion Labs,Happion Labs,Não,2014,Não definido,2014,2014
Entwined,Pixelopus,Sony Computer Entertainment,Sony,2014,2014,2014,2014
Escape Plan,Fun Bits Interactive,Sony Computer Entertainment,Sony,2013,2014,2013,2013
Escape Goat 2,MagicalTimeBean,Double Fine Productions,Console,2014,2014,2014,2014
Ether One,White Paper Games,White Paper Games,Console,2014,2014,2014,2014
Everybody's Gone to the Rapture,The Chinese Room / SCE Santa Monica Studio,Sony Computer Entertainment,Sim,2015,Não definido,Não definido,Não definido
Evolve,Turtle Rock Studios,2K Games,Não,2015,2015,2015,2015
F1 2015,Codemasters,Codemasters,Não,2015,2015,2015,2015
F1 2016,Codemasters,Codemasters,Não,2016,2016,2016,2016
F1 2017,Codemasters,Codemasters,Não,2017,2017,2017,2017
F1 2018,Codemasters,Codemasters,Não,2018,2018,2018,2018
F1 2019,Codemasters,Codemasters,Não,2019,2019,2019,2019
Fairy Fencer F: Advent Dark Force,Compile Heart,Não definido,Sim,Não definido,2015,Não definido,Não definido
Far Cry 4,Ubisoft Montreal,Ubisoft,Não,2014,2015,2014,2014
Farming Simulator 15,Giants Software,Focus Home Interactive,Não,2015,2015,2015,2015
Farming Simulator 17,Giants Software,Focus Home Interactive,Não,2016,2017,2016,2016
Farming Simulator 19,Giants Software,Focus Home Interactive,Não,2018,2019,2018,2018
Fez,Polytron Corporation,Polytron Corporation,Não,2014,Não definido,2014,2014
Fenix Rage,Green Lava Studios,Green Lava Studios,Não,Não definido,Não definido,Não definido,Não definido
Fibbage,Jackbox Games,Jackbox Games,Não,Não definido,Não definido,2014,2014
FIFA 14,EA Canada,Electronic Arts,Não,2013,2014,2013,2013
FIFA 15,EA Canada,Electronic Arts,Não,2014,Não definido,2014,2014
FIFA 16,EA Canada,Electronic Arts,Não,2015,2015,2015,2015
FIFA 17,EA Canada,Electronic Arts,Não,2016,2016,2016,2016
FIFA 18,EA Canada,Electronic Arts,Não,2017,2017,2017,2017
FIFA 19,EA Canada,Electronic Arts,Não,2018,2018,2018,2018
FIFA 20,EA Canada,Electronic Arts,Não,2019,2019,2019,2019
FIFA 21,EA Canada,Electronic Arts,Não,2020,2020,2020,2020
FIFA 22,EA Canada,Electronic Arts,Não,2021,2021,2021,2021
Final Fantasy Type-0 HD,Square Enix,Square Enix,Não,2015,2015,2015,—
Final Fantasy XIV: A Realm Reborn,Square Enix,Square Enix,Console,2014,2014,2014,—
Final Fantasy XV,Square Enix,Square Enix,Não,Não definido,Não definido,Não definido,Não definido
Final Horizon,Eiconic Games,Eiconic Games,Console,Não definido,Não definido,Não definido,Não definido
Flockers,Team17,Team17,Não,2014,2014,2014,2014
Flow,SuperVillain Studios,Sony Computer Entertainment,Console,2013,2014,2013,2013
Flower,Bluepoint Games,Sony Computer Entertainment,Sony,2013,2014,2013,2013
Forgotten Memories,Psychoz Interactive,Psychoz Interactive,Não,Não definido,Não definido,Não definido,Não definido
Forma.8,MixedBag Games,MixedBag Games,Não,2014,2014,2014,2014
Foul Play,Mediatonic,Devolver Digital,Não,Não definido,Não definido,Não definido,Não definido
Fushigi no Gensōkyō 3,AQUA STYLE,Mediascape,Console,Não definido,Não definido,Não definido,Não definido
Galak-Z: The Dimensional,17-BIT,17-BIT,Console,2014,2014,2014,2014
Get Even,The Farm 51,The Farm 51,Não,2015,2015,2015,2015
God Eater 2: Rage Burst,Namco Bandai,Namco Bandai,Sim,Não definido,Não definido,Não definido,Não definido
God of War III Remastered,SCE Santa Monica Studio,Sony Computer Entertainment,Sim,2015,2015,2015,2015
God of War,SCE Santa Monica Studio,Sony Interactive Entertainment,Sim,Não definido,Não definido,Não definido,Não definido
God of War Ragnarök,Santa Monica Studio,Sony Interactive Entertainment,Console,2022,2022,2022,2022
Gone Home,The Fullbright Company,Midnight City,Não,2014,Não definido,2014,2014
Grand Theft Auto V,Rockstar North,Rockstar Games,Não,2014,2014,2014,2014
Gran Turismo 7,Polyphony Digital,Sony Computer Entertainment,Sim,Não definido,Não definido,Não definido,Não definido
Grave,Broken Window Studios,Broken Window Studios,Não,Não definido,Não definido,Não definido,Não definido
Grim Fandango,Double Fine Productions,Disney Interactive Studios,Não,Não definido,Não definido,Não definido,Não definido
Guacamelee! Super Turbo Championship Edition,DrinkBox Studios,DrinkBox Studios,Não,2014,2014,2014,2014
Guilty Gear Xrd,Arc System Works,JP Arc System WorksAN Aksys Games,Console,2014,2014,2014,2014
Guns of Icarus Online,Muse Games,Muse Games,Console,2014,2014,2014,2014
Gunsport,Necrosoft Games,Iron Galaxy Studios,Não,Não definido,Não definido,Não definido,Não definido
H-Hour: World's Elite,SOF Studios,SOF Studios,Console,2015,2015,2015,2015
Hand of Fate,Defiant Development,Defiant Development,Console,Não definido,Não definido,Não definido,Não definido
Heart Forth: Alicia,Alonso Martin,Não definido,Console,Não definido,Não definido,Não definido,Não definido
Helldivers,Arrowhead Studios,Sony Computer Entertainment,Sony,2014,2014,2014,2014
Hellraid,Techland,Techland,Não,2015,2015,2015,2015
Hohokum,Honeyslug,Sony Computer Entertainment,Sony,2014,2014,2014,2014
Home,Benjamin Rivers,Benjamin Rivers,Console,2014,2014,2014,2014
Homefront: The Revolution,Crytek,Deep Silver,Não,2015,2015,2015,2015
Horizon: Zero Dawn,Guerilla Games,Sony Computer Entertainment,Sim,2017,2017,2017,2017
Hotline Miami,Dennaton Games,Devolver Digital,Console,2014,Não definido,2014,2014
Hotline Miami 2: Wrong Number,Dennaton Games,Devolver Digital,Console,2014,Não definido,2014,2014
Human Element,Robotoki,Robotoki,Não,2015,2015,2015,2015
HUNT: Horrors of the Gilded Age,Crytek USA,Crytek,Não,2014,2014,2014,2014
Hyperdimension Neptunia VII,Compile Heart,Compile Heart,Sim,Não definido,Não definido,Não definido,Não definido
Hyper Light Drifter,Heart Machine,Heart Machine,Não,2014,2014,2014,2014
Infamous: Second Son,Sucker Punch Productions,Sony Computer Entertainment,Sim,2014,2014,2014,2014
Infamous First Light,Sucker Punch Productions,Sony Computer Entertainment,Sim,2014,2014,2014,2014
Injustice: Gods Among Us Ultimate Edition,High Voltage Software,Warner Bros. Interactive Entertainment,Não,2013,2014,2013,2013
Ironclad Tactics,Zachtronics,Zachtronics,Console,2014,2014,2014,2014
The Jackbox Party Pack,Jackbox Games,Jackbox Games,Não,2015,Não definido,2014,2015
The Jackbox Party Pack 2,Jackbox Games,Jackbox Games,Não,2015,Não definido,2015,2015
The Jackbox Party Pack 3,Jackbox Games,Jackbox Games,Não,2016,Não definido,2016,2016
The Jackbox Party Pack 4,Jackbox Games,Jackbox Games,Não,2017,Não definido,2017,2017
The Jackbox Party Pack 5,Jackbox Games,Jackbox Games,Não,2018,Não definido,2018,2018
The Jackbox Party Pack 6,Jackbox Games,Jackbox Games,Não,Não definido,Não definido,Não definido,Não definido
Jamestown Plus,Final Form Games,Final Form Games,Console,2014,2014,2014,2014
Joysound Dive 2,Xing Entertainment,Xing Entertainment,Sim,Não definido,2014,Não definido,Não definido
Just Dance 2014,Ubisoft Milan,Ubisoft,Não,2013,2014,2013,2013
Just Dance 2015,Ubisoft Milan & Ubisoft Paris,Ubisoft,Não,2014,2014,2014,2014
Just Dance 2016,Ubisoft,Ubisoft,Não,2015,2015,2015,2015
Just Dance 2017,Ubisoft Montreal,Ubisoft,Não,2016,2016,2016,2016
Just Dance 2018,Ubisoft Paris,Ubisoft,Não,2017,2017,2017,2017
Just Dance 2019,Ubisoft Paris,Ubisoft,Não,2018,2018,2018,2018
Just Dance 2020,Ubisoft Paris,Ubisoft,Não,2019,2019,2019,2019
Kickbeat,Zen Studios,Zen Studios,Não,2014,2014,2014,2014
Killzone Shadow Fall,Guerrilla Games,Sony Computer Entertainment,Sim,2013,2014,2013,2013
King Oddball,10tons Ltd.,10tons Ltd.,Console,2014,Não definido,2014,2014
Kingdom Come: Deliverance,Warhorse Studios,Warhorse Studios,Não,2015,Não definido,2015,2015
Kingdom Hearts III,Square Enix,Square Enix,Não,Não definido,Não definido,Não definido,Não definido
Kingdom Under Fire II,Blueside,Não definido,Console,Não definido,Não definido,2014,2014
Knack,SCE Japan Studio,Sony Computer Entertainment,Sim,2013,2014,2013,2013
Kodoku,Carnivore Studio,Carnivore Studio,Sony,2015,2015,2015,2015
Legend of Raven,Circle Edge,Nicalis,Não,Não definido,Não definido,2014,2014
Lego The Hobbit,TT Games,Warner Bros. Interactive Entertainment,Não,2014,Não definido,2014,2014
Lego Marvel Super Heroes,TT Games,Warner Bros. Interactive Entertainment,Não,2013,2014,2013,2013
Liege,Coda Games,Coda Games,Não,2014,2014,2014,2014
Lily Bergamo,Grasshopper Manufacture,GungHo Online Entertainment,Sim,2014,2014,2014,2014
LittleBigPlanet 3,Sumo Digital,Sony Computer Entertainment,Sim,2014,2014,2014,2014
Lords of the Fallen,Deck13 Interactive,City Interactive,Não,2014,2014,2014,2014
Mad Max,Avalanche Studios,Warner Bros. Interactive,Não,2015,2015,2015,2015
Madden NFL 25,EA Tiburon,Electronic Arts,Não,2012,2014,2013,2013
Madden NFL 15,EA Tiburon,Electronic Arts,Não,Não definido,Não definido,Não definido,Não definido
Madden NFL 16,EA Tiburon,Electronic Arts,Não,Não definido,2015,2015,2015
Madden NFL 17,EA Tiburon,Electronic Arts,Não,2016,2016,2016,2016
Madden NFL 18,EA Tiburon,Electronic Arts,Não,2017,2017,2017,2017
Madden NFL 19,EA Tiburon,Electronic Arts,Não,2018,2018,2018,2018
Madden NFL 20,EA Tiburon,Electronic Arts,Não,2019,2019,2019,2019
Magicka 2,Pieces Interactive,Paradox Interactive,Console,Não definido,Não definido,Não definido,Não definido
Marc Ecko's Getting Up 2,Não definido,Não definido,Não,Não definido,Não definido,Não definido,Não definido
Mário NX,Nintendo EZ,Ancmit,Console,2014,2014,2014,2014
Marvel vs. Capcom: Infinite,Capcom,Capcom,Não,2017,2017,2017,2017
Metal Gear Solid V: Ground Zeroes,Kojima Productions,Konami,Não,2014,2014,2014,2014
Metal Gear Solid V: The Phantom Pain,Kojima Productions,Konami,Não,2015,2015,2015,2015
Metro 2033 Redux,4A Games,Deep Silver,Não,2014,2014,2014,2014
Metro: Last Light Redux,4A Games,Deep Silver,Não,2014,2014,2014,2014
Terra-Média: Sombras de Mordor,Monolith Productions,Warner Bros. Interactive,Não,2014,2014,2014,2014
Mighty No. 9,Comcept / Inti Creates,Não definido,Não,2014,2014,2014,2014
Minecraft,4J Studios,Mojang,Não,Não definido,2014,2014,2014
Mirror's Edge 2,DICE,Electronic Arts,Não,Não definido,Não definido,Não definido,Não definido
MLB 14: The Show,SCE San Diego Studio,Sony Computer Entertainment,Sony,2014,2014,2014,2014
MLB 15: The Show,SCE San Diego Studio,Sony Computer Entertainment,Sony,2015,2015,2015,2015
MLB 16: The Show,SCE San Diego Studio,Sony Computer Entertainment,Sony,2016,2016,2016,2016
MLB 17: The Show,SCE San Diego Studio,Sony Computer Entertainment,Sony,2017,2017,2017,2017
MLB 18: The Show,SCE San Diego Studio,Sony Computer Entertainment,Sony,2018,2018,2018,2018
MLB 19: The Show,SCE San Diego Studio,Sony Computer Entertainment,Sony,2019,2019,2019,2019
Mobile Suit Gundam,Bandai Namco Games,Bandai Namco Games,Sim,Não definido,Não definido,Não definido,Não definido
Monochroma,Nowhere Studios,Nowhere Studios,Não,2014,Não definido,2014,2014
Mortal Kombat X,NetherRealm Studios,Warner Bros. Interactive Entertainment,Não,2015,2015,2015,2015
MotoGP 14,Milestone S.r.l.,Milestone S.r.l.,Console,2014,2014,2014,2014
MotoGP 15,Milestone S.r.l.,Milestone S.r.l.,Console,2015,2015,2015,2015
MotoGP 16,Milestone S.r.l.,Milestone S.r.l.,Console,2016,2016,2016,2016
MotoGP 17,Milestone S.r.l.,Milestone S.r.l.,Console,2017,2017,2017,2017
MotoGP 18,Milestone S.r.l.,Milestone S.r.l.,Console,2018,2018,2018,2018
MotoGP 19,Milestone S.r.l.,Milestone S.r.l.,Console,2019,2019,2019,2019
Mousecraft,Crunching Koalas,Crunching Koalas,Console,2014,Não definido,2014,2014
Murdered: Soul Suspect,Airtight Games,Square Enix,Não,2014,Não definido,2014,2014
MXGP The Official Motocross Videogame,Milestone S.r.l.,Milestone S.r.l.,Não,2014,2014,2014,2014
MXGP 2,Milestone S.r.l.,Milestone S.r.l.,Não,2016,2016,2016,2016
MXGP 3,Milestone S.r.l.,Milestone S.r.l.,Não,2017,2017,2017,2017
MXGP 4,Milestone S.r.l.,Milestone S.r.l.,Não,2019,2019,2019,2019
N++,Metanet Software,Não definido,Sim,2014,2014,2014,2014
Naruto Shippuden: Ultimate Ninja Storm 4,CyberConnect2,Bandai Namco Games,Não,2016,2016,2016,2016
Naruto Shippuden: Ultimate Ninja Storm Trilogy,CyberConnect2,Bandai Namco Entertainment,Não,2017,2017,2017,2017
Natural Doctrine,Kadokawa Games,Kadokawa Games,Sony,2014,2014,2014,2014
NBA 2K14,Visual Concepts,2K Sports,Não,2013,2014,2013,2013
NBA 2K15,Visual Concepts,2K Sports,Não,Não definido,Não definido,2014,2014
NBA 2K16,Visual Concepts,2K Sports,Não,2015,2015,2015,2015
NBA 2K17,Visual Concepts,2K Sports,Não,2016,2016,2016,2016
NBA 2K18,Visual Concepts,2K Sports,Não,2017,2017,2017,2017
NBA 2K19,Visual Concepts,2K Sports,Não,2018,2018,2018,2018
NBA 2K20,Visual Concepts,2K Sports,Não,2019,2019,2019,2019
NBA Live 14,EA Tiburon,Electronic Arts,Não,2013,2014,2013,2013
NBA Live 15,EA Tiburon,Electronic Arts,Não,2014,2014,2014,Não definido
NBA Live 16,EA Tiburon,Electronic Arts,Não,2016,2015,2015,2015
NBA Live 18,EA Tiburon,Electronic Arts,Não,2017,2017,2017,2017
NBA Live 19,EA Tiburon,Electronic Arts,Não,2018,2018,2018,2018
NBA Playgrounds,Saber Interactive,Saber Interactive,Não,Não definido,2017,2017,Não definido
Need for Speed: Heat,Ghost Games,Electronic Arts,Não,2019,2019,2019,2019
Need for Speed: Rivals,Ghost Games,Electronic Arts,Não,2013,2014,2013,2013
NHL 15,EA Vancouver,EA Sports,Não,2014,Não definido,2014,2014
NHL 16,EA Vancouver,EA Sports,Não,2015,2015,2015,2015
NHL 17,EA Vancouver,EA Sports,Não,2016,2016,2016,2016
NHL 18,EA Vancouver,EA Sports,Não,2017,2017,2017,2017
NHL 19,EA Vancouver,EA Sports,Não,2018,2018,2018,2018
NHL 20,EA Vancouver,EA Sports,Não,2019,2019,2019,2019
Nikoli no Puzzle 4: Sudoku,HAMSTER,HAMSTER,Sim,Não definido,2014,Não definido,Não definido
Nidhogg,Messhof,Messhof,Console,2014,2014,2014,2014
Ninja Kid's Demon Castle Adventure,Hamster Corporation,Hamster Corporation,Não,Não definido,2014,Não definido,Não definido
Nobunaga no Yabō Online: Tenka Mugen no Shō,Tecmo Koei,Tecmo Koei,Console,Não definido,2014,Não definido,Não definido
Nobunaga no Yabō: Sozō,Tecmo Koei,Tecmo Koei,Sony,Não definido,2014,Não definido,Não definido
No Man's Sky,Hello Games,Hello Games,Não,2016,2016,2016,2016
Not a Hero,Roll7,Devolver Digital,Timed,2014,2014,2014,2014
Nuclear Throne,Vlambeer,Vlambeer,Não,Não definido,Não definido,Não definido,Não definido
Octodad: Dadliest Catch,"Young Horses, Inc","Young Horses, Inc",Console,2014,2014,2014,2014
Oddworld: New 'n' Tasty!,Just Add Water,Oddworld Inhabitants,Não,Não definido,Não definido,Não definido,Não definido
OlliOlli,Roll7,Roll7,Console,2014,2014,2014,2014
Omega Quintet,Compile Heart,Compile Heart,Sim,Não definido,2014,Não definido,Não definido
One Piece: Burning Blood,Spike Chunsoft,Bandai Namco Games,Não,2016,2016,2016,2016
Os Cavaleiros do Zodíaco: Alma dos Soldados,Dimps,Bandai Namco Games,Não,2015,2015,2015,2015
Outlast,Red Barrels Studio,Red Barrels Studio,Console,2014,2014,2014,2014
Pavilion,Visiontrick Media,Visiontrick Media,Sony,2014,2014,2014,2014
Pro Evolution Soccer 2015,Konami,Konami,Não,2014,2014,2014,2014
Pro Evolution Soccer 2016,Konami,Konami,Não,2015,2015,2015,2015
Pro Evolution Soccer 2017,Konami,Konami,Não,2016,2016,2016,2016
Pro Evolution Soccer 2018,Konami,Konami,Não,2017,2017,2017,2017
Pro Evolution Soccer 2019,Konami,Konami,Não,2018,2018,2018,2018
Pro Evolution Soccer 2020,Konami,Konami,Não,2019,2019,2019,2019
Phantom Breaker: Battle Grounds Overdrive,5pb.,5pb.,Sim,Não definido,Não definido,Não definido,Não definido
PixelJunk Shooter Ultimate,Double Eleven Studios / Q-Games,Sony Computer Entertainment,Sony,2014,2014,2014,2014
Pier Solar HD,WaterMelon,WaterMelon,Não,2014,2014,2014,2014
Plants vs. Zombies: Garden Warfare,PopCap Games,Electronic Arts,Não,2014,Não definido,2014,2014
Plants vs Zombies: Garden Warfare 2,PopCap Games,Eletronic Arts,Não,2016,ASA,2016,2016
Pool Nation Extreme/FX,Cherry Pop Games,Cherry Pop Games,Não,2014,2014,Não definido,Não definido
Primal Carnage: Genesis,First-person shooter,Não definido,Console,Não definido,Não definido,Não definido,Não definido
Project CARS,Slightly Mad Studios,Slightly Mad Studios,Não,2015,2015,2015,2015
Project CARS 2,Slightly Mad Studios,Slightly Mad Studios,Não,2017,2017,2017,2017
Project: Heart and Soul,Reach Game Studios,Não definido,Console,Não definido,Não definido,Não definido,Não definido
Project Phoenix,Creative Intelligence Arts,Creative Intelligence Arts,Console,2014,2014,2014,2014
Pure Pool,VooFoo Studios,VooFoo Studios,Não,Não definido,Não definido,Não definido,Não definido
Putty Squad,System 3,System 3,Não,2013,Não definido,2014,2014
QuickDraw,Greenfly Studios,Greenfly Studios,Console,Não definido,Não definido,2014,2014
Race the Sun,Flippfly,Flippfly,Console,2014,2014,2014,2014
Rayman Legends,Ubisoft Montpellier,Ubisoft,Não,2014,Não definido,2014,2014
Ray's the Dead,Ragtag Studios,Ragtag Studios,Console,Não definido,Não definido,Não definido,Não definido
R.B.I. Baseball 14,Behaviour Interactive,MLB Advanced Media,Não,Não definido,Não definido,2014,2014
R.B.I. Baseball 15,HB Studios,MLB Advanced Media,Não,Não definido,Não definido,2015,2015
R.B.I. Baseball 16,HB Studios,MLB Advanced Media,Não,2016,Não definido,2016,2016
R.B.I. Baseball 17,MLB Advanced Media,MLB Advanced Media,Não,2017,Não definido,2017,2017
R.B.I. Baseball 18,MLB Advanced Media,MLB Advanced Media,Não,2018,Não definido,2018,2018
R.B.I. Baseball 19,MLB Advanced Media,MLB Advanced Media,Não,2019,Não definido,2019,2019
Ready to Run,Beatshapers,Beatshapers,Sim,Não definido,Não definido,2014,2014
Red Dead Redemption 2,Rockstar Games,Rockstar Games,Não,2018,2018,2018,2018
Resident Evil: Revelations 2,Capcom,Capcom,Não,2015,2015,2015,2015
Resident Evil 2 Remake,Capcom,Capcom,Não,Não definido,Não definido,Não definido,Não definido
Resident Evil 4,Capcom,Capcom,Não,2016,2016,2016,2016
Resident Evil 5,Capcom,Capcom,Não,2016,2016,2016,2016
Resident Evil 6,Capcom,Capcom,Não,2016,2016,2016,2016
Resident Evil 7: Biohazard,Capcom,Capcom,Não,2017,2017,2017,2017
Resident Evil Origins Collection (R.E 0 e R.E 1),Capcom,Capcom,Não,2016,2016,2016,2016
Resogun,Housemarque,Sony Computer Entertainment,Sim,2013,2014,2013,2013
Ride,Milestone S.r.l.,Milestone S.r.l.,Não,2015,2015,2015,2015
Ride 2,Milestone S.r.l.,Milestone S.r.l.,Não,2017,2017,2017,2017
Ride 3,Milestone S.r.l.,Milestone S.r.l.,Não,2019,2019,2019,2019
Rime,Tequila Works,Sony Computer Entertainment,Sim,Não definido,Não definido,Não definido,Não definido
Road Not Taken,Spry Fox,Spry Fox,Console,Não definido,Não definido,Não definido,Não definido
Rocketbirds 2: Evolution,Ratloop,Não definido,Sony,Não definido,Não definido,Não definido,Não definido
Rogue Legacy,Cellar Door Games,Cellar Door Games,Console,2014,2014,2014,2014
Rugby 15,HB Studios,Bigben Interactive,Não,2014,2014,2014,2014
Rygar,Tecmo,Hamster Corporation,Não,Não definido,2014,Não definido,Não definido
Ryû ga Gotoku Ishin!,Sega,Sega,Sony,Não definido,2014,Não definido,Não definido
Samurai Gunn,Maxistentialism,Teknopants,Console,2014,2014,Não definido,Não definido
Savant Ascent,DPad Studios,DPad Studios,Console,Não definido,Não definido,Não definido,Não definido
Scivelation,Black Wing Foundation,TopWare Interactive,Não,2014,2014,2014,2014
Secret Ponchos,Switchblade Monkeys,Switchblade Monkeys,Console,2014,2014,2014,2014
Shadow of the Beast,Heavy Spectrum,Sony Computer Entertainment,Sim,Não definido,Não definido,Não definido,Não definido
Shadow Warrior,Flying Wild Hog,Devolver Digital,Não,2014,2014,2014,2014
Shantae: Half-Genie Hero,WayForward Technologies,Não definido,Não,2014,2014,2014,2014
Sherlock Holmes: Crimes e Punishments,Frogwares,Focus Home Interactive,Não,2014,2014,2014,2014
Skulls of the Shogun: Bone-A-Fide Edition,17-BIT,17-BIT,Console,2014,2014,2014,2014
Skylanders: Swap Force,Vicarious Visions,Activision,Não,2013,2014,2013,2013
Skylanders: Trap Team,Beenox,Activision,Não,2014,Não definido,2014,2014
Sleeping Dogs: Triad Wars,United Front Games,Square Enix,Não,2014,2014,2014,2014
Sniper Elite 3,Rebellion Developments,505 Games,Não,2014,2014,2014,2014
Sniper: Ghost Warrior 3,CI Games,CI Games,Não,2017,2017,2017,2017
SOMA,Frictional Games,Frictional Games,Console,2015,2015,2015,2015
Soul Saga: Episode 1,Disastercake,Disastercake,Não,2014,2014,2014,2014
Sound Shapes,Queasy Games,Sony Computer Entertainment,Sony,2013,2014,2013,2013
Source,Fire Fenix,Fire Fenix,Não,2015,2015,2015,2015
Spelunky,Mossmouth,Mossmouth,Console,2014,2014,2014,2014
Sportsfriends,Die Gute Fabrik,Die Gute Fabrik,Console,2014,2014,2014,2014
Star Wars: Battlefront,DICE,Electronic Arts / LucasArts,Não,2015,Não definido,2015,2015
Star Wars: Battlefront II,DICE,Electronic Arts / LucasArts,Não,2017,2017,2017,2017
Starbound,Chucklefish,Chucklefish,Console,Não definido,Não definido,Não definido,Não definido
Starwhal: Just the Tip,Breakfall,Breakfall,Não,Não definido,Não definido,Não definido,Não definido
Steamworld Dig,Image & Form,Image & Form,Console,2014,2014,2014,2014
Stealth Inc: Ultimate Edition,Curve Studios,Curve Studios,Console,2014,Não definido,2014,2014
Street Fighter V,Capcom,Capcom,Console,2016,2016,2016,2016
Strider,Double Helix Games,Capcom,Não,2014,2014,2014,2014
Strike Suit Zero,Born Ready Games,Born Ready Games,Não,2014,Não definido,2014,2014
Super Exploding Zoo,Honeyslug,Não definido,Sony,2014,2014,Não definido,Não definido
Super Motherload,XGen Studios,XGen Studios,Console,2013,2014,2013,2013
Switch Galaxy Ultra,Atomicom,Atomicom,Sony,Não definido,Não definido,Não definido,Não definido
Tekken 7,Bandai Namco Entertainment,Bandai Namco Entertainment,Não,2017,2017,2017,2017
The Amazing Spider-Man 2,Beenox,Activision,Não,2014,Não definido,2014,2014
The Binding of Isaac: Rebirth,Nicalis,Nicalis,Não,2014,2014,2014,2014
The Crew,Ivory Tower,Ubisoft,Não,2014,2014,2014,2014
The Crew 2,Ivory Tower,Ubisoft,Não,2018,2018,2018,2018
The Elder Scrolls Online,ZeniMax Online Studios,Bethesda Softworks,Não,2014,2014,2014,2014
The Evil Within,Tango Gameworks,Bethesda Softworks,Não,2014,2014,2014,2014
The Evil Within 2,Tango Gameworks,Bethesda Softworks,Não,2017,2017,2017,2017
The Idolmaster,Bandai Namco Games,Bandai Namco Games,Sim,Não definido,Não definido,2014,2014
The Last Guardian,Team ICO / SCE Japan Studio,Sony Computer Entertainment,Sim,2016,2016,2016,2016
The Last of Us Remastered,Naughty Dog,Sony Computer Entertainment,Sim,2014,2014,2014,2014
The Legend of el Lobodestroyo vs. la Liga de los Villanos,Lefhanded Studios,Lefhanded Studios,Não,2014,Não definido,2014,2014
The Lego Movie Videogame,TT Games,Warner Bros. Interactive Entertainment,Não,2014,Não definido,2014,2014
The Order: 1886,Ready at DawnSCE Santa Monica Studio,Sony Computer Entertainment,Sim,2015,2015,2015,2015
The Pinball Arcade,FarSight Studios,FarSight Studios,Não,2013,2014,2013,2013
The Swapper,Facepalm Games,Curve Studios,Console,2014,2014,2014,2014
The Witcher 3: Wild Hunt,CD Projekt RED,CD Projekt RED,Não,2015,2015,2015,2015
The Witness,"Thekla, Inc.","Thekla, Inc.",Timed,2016,2016,2016,2016
Thief,Eidos Montreal,Square Enix,Não,2014,2014,2014,2014
Tiny Brains,Spearhead Games,Spearhead Games,Console,2013,2014,2013,2013
Tiny Troopers: Joint Ops,Kukouri Mobile Entertainment,Wired Productions,Console,Não definido,Não definido,Não definido,Não definido
Titan Attacks,Puppygames,Puppygames,Console,2014,Não definido,2014,2014
To Leave,Freaky Creations,Freaky Creations,Console,Não definido,Não definido,Não definido,Não definido
Tomb Raider: Definitive Edition,Crystal Dynamics,Square Enix,Não,2014,Não definido,2014,2014
Tom Clancy's The Division,Ubisoft Massive,Ubisoft,Não,2015,2015,2015,2015
Tom Clancy's Rainbow 6: Patriots,Ubisoft MontrealUbisoft Red StormUbisoft Toronto,Ubisoft,Não,Não definido,Não definido,Não definido,Não definido
Tom Clancy's Rainbow Six: Siege,Ubisoft MontrealUbisoft Red StormUbisoft Toronto,Ubisoft,Não,Não definido,Não definido,Não definido,Não definido
Tottemo E Mahjong Plus,Arc System Works,Arc System Works,Sim,Não definido,2014,Não definido,Não definido
Towerfall: Ascension,Matt Thorson,Matt Thorson,Não,2014,Não definido,2014,2014
Transformers: Rise of the Dark Spark,Edge of Reality,Activision,Não,2014,2014,2014,2014
Transistor,Supergiant Games,Supergiant Games,Console,2014,2014,2014,2014
Trials Fusion,RedLynx,Ubisoft,Não,2014,2014,2014,2014
Trine 2: Complete Story,Frozenbyte,Atlus,Não,2013,2014,2013,2013
Uncharted: The Nathan Drake Collection,Naughty Dog,Sony Computer Entertainment,Sim,2015,2015,2015,2015
Uncharted 4: A Thief's End,Naughty Dog,Sony Computer Entertainment,Sim,2016,2016,2016,2016
Until Dawn,Não definido,Não definido,Não definido,Não definido,Não definido,Não definido,Não definido
Valiant Hearts: The Great War,Ubisoft Montpellier,Ubisoft,Não,2014,2014,2014,2014
Velocity 2X,FuturLab,FuturLab,Sim,2014,2014,2014,2014
Volume,Mike Bithell Games,Não definido,Console,2014,2014,2014,2014
"Warhammer 40,000: Eternal Crusade",Behaviour Interactive,Behaviour Interactive,Não,2015,2015,2015,2015
Watch Dogs,Ubisoft MontrealUbisoft ReflectionsUbisoft Romania,Ubisoft,Não,2014,2014,2014,2014
Watch Dogs 2,Não definido,Ubisoft,Não,Não definido,Não definido,Não definido,Não definido
Whore of the Orient,Team Bondi,Não definido,Não,2015,2015,2015,2015
Without Memory,Dinosaurum Games,Dinosaurum Games,Sim,2016,2016,2016,2016
Wolfenstein: The New Order,MachineGames,Bethesda Softworks,Não,2014,2014,2014,2014
WonderFlick,Level-5,Level-5,Não,2014,2014,2014,2014
WRC 5,Kylotonn Games,Bigben Interactive,Não,2015,2015,2015,2015
WRC 6,Kylotonn Games,Bigben Interactive,Não,2016,2016,2016,2016
WRC 7,Kylotonn Games,Bigben Interactive,Não,2017,2017,2017,2017
WRC 8,Kylotonn Games,Bigben Interactive,Não,Não definido,Não definido,Não definido,Não definido
Worms Battlegrounds,Team17,Team17,Não,2014,2014,2014,2014
WWE 2K15,Yuke's/Visual Concepts,2K Sports,Não,2014,2014,2014,2014
WWE 2K16,Yuke's/Visual Concepts,2K Sports,Não,2015,2015,2015,2015
WWE 2K17,Yuke's/Visual Concepts,2K Sports,Não,2016,2016,2016,2016
WWE 2K18,Yuke's/Visual Concepts,2K Sports,Não,2017,2017,2017,2017
WWE 2K19,Yuke's/Visual Concepts,2K Sports,Não,2018,2018,2018,2018
WWE 2K20,Yuke's/Visual Concepts,2K Sports,Não,2019,2019,2019,2019
